{"cameraMode":{"drawMode":0,"name":"Shaded","section":"Shading Mode"},"sceneLighting":true,"audioPlay":false,"sceneViewState":{"showFog":true,"showMaterialUpdate":true,"showSkybox":true,"showFlares":true,"showImageEffects":true,"showParticleSystems":true},"in2DMode":false,"pivot":{"x":627.906982421875,"y":319.508056640625,"z":-53.1259765625},"rotation":{"x":-0.05356164276599884,"y":-0.0673544779419899,"z":0.003621060401201248,"w":-0.9962853789329529},"size":335.3936767578125,"orthographic":false}